"NOMBRES M�S POPULARES DE MUJER, 2020",,,,,,"NOMBRES M�S POPULARES DE HOMBRE, 2020",,,
LUGAR,NOMBRE,SEXO,PERSONAS REGISTRADAS,,,LUGAR,NOMBRE,SEXO,PERSONAS REGISTRADAS
1,SOFIA,MUJER,"6,200",,,1,SANTIAGO,HOMBRE,"8,794"
2,MARIA JOSE,MUJER,"4,984",,,2,MATEO,HOMBRE,"7,105"
3,REGINA,MUJER,"4,966",,,3,SEBASTIAN,HOMBRE,"5,850"
4,VALENTINA,MUJER,"4,905",,,4,LEONARDO,HOMBRE,"5,230"
5,CAMILA,MUJER,"4,688",,,5,EMILIANO,HOMBRE,"4,320"
6,XIMENA,MUJER,"3,783",,,6,MATIAS,HOMBRE,"4,252"
7,VICTORIA,MUJER,"3,654",,,7,DIEGO,HOMBRE,"3,881"
8,RENATA,MUJER,"3,417",,,8,DANIEL,HOMBRE,"3,747"
9,MARIA FERNANDA,MUJER,"3,390",,,9,MIGUEL ANGEL,HOMBRE,"3,571"
10,VALERIA,MUJER,"3,272",,,10,ALEXANDER,HOMBRE,"3,380"
11,NATALIA,MUJER,"3,135",,,11,ALEJANDRO,HOMBRE,"3,339"
12,ISABELLA,MUJER,"2,997",,,12,GAEL,HOMBRE,"3,043"
13,ROMINA,MUJER,"2,934",,,13,JESUS,HOMBRE,"3,021"
14,DANIELA,MUJER,"2,881",,,14,ANGEL,HOMBRE,"2,637"
15,ALEXA,MUJER,"2,490",,,15,DAVID,HOMBRE,"2,551"
16,ANA SOFIA,MUJER,"2,406",,,16,EMMANUEL,HOMBRE,"2,446"
17,ANDREA,MUJER,"2,194",,,17,LUIS ANGEL,HOMBRE,"2,417"
18,MARIA GUADALUPE,MUJER,"2,111",,,18,RODRIGO,HOMBRE,"2,371"
19,MELISSA,MUJER,"2,093",,,19,FERNANDO,HOMBRE,"2,359"
20,FERNANDA,MUJER,"2,075",,,20,MAXIMILIANO,HOMBRE,"2,282"
21,SAMANTHA,MUJER,"1,927",,,21,DYLAN,HOMBRE,"2,258"
22,AITANA,MUJER,"1,910",,,22,JOSE ANGEL,HOMBRE,"2,242"
23,ELIZABETH,MUJER,"1,790",,,23,TADEO,HOMBRE,"2,151"
24,YAMILETH,MUJER,"1,742",,,24,JOSE LUIS,HOMBRE,"2,139"
25,GUADALUPE,MUJER,"1,720",,,25,GABRIEL,HOMBRE,"2,016"
26,MARIANA,MUJER,"1,582",,,26,EDUARDO,HOMBRE,"2,012"
27,ANA VICTORIA,MUJER,"1,546",,,27,JUAN PABLO,HOMBRE,"1,972"
28,ANA PAULA,MUJER,"1,517",,,28,RAFAEL,HOMBRE,"1,911"
29,FATIMA,MUJER,"1,511",,,29,ISAAC,HOMBRE,"1,845"
30,ABIGAIL,MUJER,"1,480",,,30,SAMUEL,HOMBRE,"1,831"
31,EMILY,MUJER,"1,459",,,31,AXEL,HOMBRE,"1,828"
32,JULIETA,MUJER,"1,416",,,32,JUAN CARLOS,HOMBRE,"1,797"
33,ALEJANDRA,MUJER,"1,338",,,33,NICOLAS,HOMBRE,"1,793"
34,ESMERALDA,MUJER,"1,311",,,34,EMILIO,HOMBRE,"1,792"
35,VANESSA,MUJER,"1,289",,,35,JOSE MANUEL,HOMBRE,"1,683"
36,ESTEFANIA,MUJER,"1,274",,,36,DAMIAN,HOMBRE,"1,658"
37,EVELYN,MUJER,"1,273",,,37,LEONEL,HOMBRE,"1,640"
38,LUCIANA,MUJER,"1,252",,,38,ELIAS,HOMBRE,"1,624"
39,JIMENA,MUJER,"1,111",,,39,RICARDO,HOMBRE,"1,622"
40,MIRANDA,MUJER,"1,058",,,40,ALEXIS,HOMBRE,"1,618"
41,LUCIA,MUJER,"1,056",,,41,ADRIAN,HOMBRE,"1,521"
42,IVANNA,MUJER,"1,037",,,42,MAURICIO,HOMBRE,"1,497"
43,KIMBERLY,MUJER,"1,024",,,43,ANTONIO,HOMBRE,"1,481"
44,ITZAYANA,MUJER,"1,022",,,44,ALAN,HOMBRE,"1,480"
45,SOFIA GUADALUPE,MUJER,"1,020",,,45,JONATHAN,HOMBRE,"1,477"
46,CAROLINA,MUJER,"1,014",,,46,FRANCISCO,HOMBRE,"1,450"
47,DANNA SOFIA,MUJER,"1,006",,,47,CARLOS,HOMBRE,"1,432"
48,ALONDRA,MUJER,961,,,48,ANGEL GABRIEL,HOMBRE,"1,421"
49,ARANZA,MUJER,937,,,49,CRISTIAN,HOMBRE,"1,404"
50,EMMA,MUJER,931,,,50,JAVIER,HOMBRE,"1,402"
51,MARIA,MUJER,930,,,51,JOSUE,HOMBRE,"1,381"
52,PAULINA,MUJER,888,,,52,JOSE ANTONIO,HOMBRE,"1,328"
53,GENESIS,MUJER,881,,,53,JOSE MIGUEL,HOMBRE,"1,320"
54,AYLIN,MUJER,878,,,54,JULIAN,HOMBRE,"1,301"
55,ANA LUCIA,MUJER,863,,,55,AARON,HOMBRE,"1,288"
56,MONSERRAT,MUJER,856,,,56,LUIS FERNANDO,HOMBRE,"1,284"
57,ANGELA,MUJER,852,,,57,IKER,HOMBRE,"1,275"
58,ABRIL,MUJER,851,,,58,MIGUEL,HOMBRE,"1,249"
59,MIA,MUJER,837,,,59,ANDRES,HOMBRE,"1,245"
60,DULCE MARIA,MUJER,829,,,60,LIAM,HOMBRE,"1,226"
61,LIA,MUJER,827,,,61,URIEL,HOMBRE,"1,225"
62,ELISA,MUJER,816,,,62,MANUEL,HOMBRE,"1,203"
63,EMILIA,MUJER,814,,,63,JUAN DIEGO,HOMBRE,"1,178"
64,MELANY,MUJER,788,,,64,ISMAEL,HOMBRE,"1,161"
65,DAYANA,MUJER,777,,,65,JUAN,HOMBRE,"1,154"
66,NICOLE,MUJER,770,,,66,JOSE MARIA,HOMBRE,"1,117"
67,ARIANA,MUJER,757,,,67,IVAN,HOMBRE,"1,101"
68,SAMARA,MUJER,737,,,68,ABRAHAM,HOMBRE,"1,099"
69,GABRIELA,MUJER,735,,,69,PEDRO,HOMBRE,"1,099"
70,ZOE,MUJER,731,,,70,JUAN JOSE,HOMBRE,"1,059"
71,ALLISON,MUJER,729,,,71,PABLO,HOMBRE,"1,059"
72,ELENA,MUJER,728,,,72,ERICK,HOMBRE,"1,047"
73,REBECA,MUJER,723,,,73,IAN,HOMBRE,"1,047"
74,SARA,MUJER,720,,,74,OLIVER,HOMBRE,"1,034"
75,FRIDA SOFIA,MUJER,714,,,75,ROBERTO,HOMBRE,"1,034"
76,ALISSON,MUJER,709,,,76,CARLOS DANIEL,HOMBRE,"1,011"
77,DIANA,MUJER,705,,,77,GERARDO,HOMBRE,"1,011"
78,PAOLA,MUJER,697,,,78,ALONSO,HOMBRE,"1,002"
79,MICHELLE,MUJER,687,,,79,BRAYAN,HOMBRE,969
80,MIA ISABELLA,MUJER,681,,,80,JORGE,HOMBRE,961
81,ADRIANA,MUJER,666,,,81,ANGEL MATEO,HOMBRE,955
82,MARIA VICTORIA,MUJER,660,,,82,SAUL,HOMBRE,949
83,MARISOL,MUJER,655,,,83,ISRAEL,HOMBRE,948
84,ALEXANDRA,MUJER,638,,,84,MARCO ANTONIO,HOMBRE,941
85,ESTRELLA,MUJER,631,,,85,JOSE,HOMBRE,940
86,EMMA SOFIA,MUJER,628,,,86,BRUNO,HOMBRE,936
87,KARLA,MUJER,628,,,87,ARTURO,HOMBRE,916
88,NAOMI,MUJER,624,,,88,JUAN MANUEL,HOMBRE,901
89,LILIANA,MUJER,613,,,89,OMAR,HOMBRE,894
90,ALISON,MUJER,601,,,90,IAN MATEO,HOMBRE,882
91,CATALINA,MUJER,600,,,91,KEVIN,HOMBRE,881
92,AURORA,MUJER,599,,,92,GUSTAVO,HOMBRE,877
93,ITZEL,MUJER,598,,,93,OSCAR,HOMBRE,876
94,LUZ MARIA,MUJER,598,,,94,ANGEL DANIEL,HOMBRE,868
95,LIZBETH,MUJER,597,,,95,HECTOR,HOMBRE,867
96,JAZMIN,MUJER,591,,,96,ANGEL GAEL,HOMBRE,860
97,ISABEL,MUJER,589,,,97,JESUS ANTONIO,HOMBRE,851
98,MIA VALENTINA,MUJER,586,,,98,ELIAN,HOMBRE,827
99,LUCERO,MUJER,581,,,99,MARTIN,HOMBRE,806
100,YARETZI,MUJER,575,,,100,ALFREDO,HOMBRE,801
101,JENNIFER,MUJER,546,,,101,DANTE,HOMBRE,801
102,MONTSERRAT,MUJER,536,,,102,ESTEBAN,HOMBRE,798
103,ALEXA GUADALUPE,MUJER,534,,,103,FRANCISCO JAVIER,HOMBRE,778
104,PAULA,MUJER,531,,,104,SALVADOR,HOMBRE,778
105,KATHERINE,MUJER,528,,,105,SERGIO,HOMBRE,765
106,ARLETH,MUJER,525,,,106,BRANDON,HOMBRE,762
107,MELANIE,MUJER,524,,,107,RAUL,HOMBRE,758
108,MIA GUADALUPE,MUJER,521,,,108,ANGEL TADEO,HOMBRE,744
109,SOFIA VALENTINA,MUJER,517,,,109,ANGEL DAVID,HOMBRE,740
110,MAYTE,MUJER,515,,,110,EZEQUIEL,HOMBRE,740
111,YOSELIN,MUJER,514,,,111,THIAGO,HOMBRE,738
112,ANA MARIA,MUJER,511,,,112,JESUS TADEO,HOMBRE,737
113,KAILANI,MUJER,503,,,113,ENRIQUE,HOMBRE,735
114,HANNA,MUJER,502,,,114,LUIS ANTONIO,HOMBRE,734
115,ANTONELLA,MUJER,500,,,115,JOSE EDUARDO,HOMBRE,732
116,YARELI,MUJER,493,,,116,MOISES,HOMBRE,732
117,VICTORIA GUADALUPE,MUJER,484,,,117,JESUS ALEJANDRO,HOMBRE,730
118,KENIA,MUJER,483,,,118,JULIO CESAR,HOMBRE,723
119,MARIA ISABEL,MUJER,482,,,119,ALBERTO,HOMBRE,709
120,SARAHI,MUJER,472,,,120,EMANUEL,HOMBRE,698
121,EMILY SOFIA,MUJER,469,,,121,CESAR,HOMBRE,690
122,XIMENA GUADALUPE,MUJER,469,,,122,VICTOR MANUEL,HOMBRE,690
123,GRECIA,MUJER,460,,,123,MARIO,HOMBRE,683
124,FRIDA,MUJER,452,,,124,JESUS DANIEL,HOMBRE,681
125,YAMILET,MUJER,450,,,125,BENJAMIN,HOMBRE,674
126,CAMILA GUADALUPE,MUJER,443,,,126,JOSE CARLOS,HOMBRE,670
127,MARIA DEL CARMEN,MUJER,441,,,127,IAN ALEXANDER,HOMBRE,661
128,DANNA PAOLA,MUJER,435,,,128,JOSE DANIEL,HOMBRE,660
129,ALICIA,MUJER,431,,,129,ANGEL SANTIAGO,HOMBRE,656
130,BARBARA,MUJER,424,,,130,ARMANDO,HOMBRE,653
131,NAHOMI,MUJER,423,,,131,LUIS,HOMBRE,653
132,LIA VICTORIA,MUJER,421,,,132,JOSHUA,HOMBRE,642
133,MARGARITA,MUJER,420,,,133,FABIAN,HOMBRE,641
134,ANA PAOLA,MUJER,419,,,134,IAN GAEL,HOMBRE,635
135,JADE,MUJER,416,,,135,CRISTOPHER,HOMBRE,634
136,MONSERRATH,MUJER,416,,,136,JESUS ADRIAN,HOMBRE,630
137,ARIADNA,MUJER,415,,,137,JESUS EDUARDO,HOMBRE,630
138,JUANA,MUJER,414,,,138,EDGAR,HOMBRE,626
139,MIA SOFIA,MUJER,414,,,139,ISAIAS,HOMBRE,625
140,CONSTANZA,MUJER,412,,,140,DILAN,HOMBRE,622
141,ALEXA SOFIA,MUJER,410,,,141,JOSE JULIAN,HOMBRE,618
142,ANGELICA,MUJER,408,,,142,ULISES,HOMBRE,618
143,MARIA PAULA,MUJER,404,,,143,CHRISTOPHER,HOMBRE,616
144,LIA SOFIA,MUJER,403,,,144,ADRIEL,HOMBRE,614
145,JULIA,MUJER,402,,,145,JOSE GUADALUPE,HOMBRE,609
146,AITANA GUADALUPE,MUJER,400,,,146,LUIS ALBERTO,HOMBRE,607
147,DENISSE,MUJER,399,,,147,EDWIN,HOMBRE,605
148,REGINA GUADALUPE,MUJER,398,,,148,DYLAN GAEL,HOMBRE,603
149,VIOLETA,MUJER,397,,,149,LUIS DANIEL,HOMBRE,601
150,MARIA ALEJANDRA,MUJER,396,,,150,ANGEL DE JESUS,HOMBRE,600
151,TANIA,MUJER,396,,,151,CALEB,HOMBRE,600
152,MILAGROS,MUJER,386,,,152,CHRISTIAN,HOMBRE,596
153,SCARLETT,MUJER,385,,,153,GUILLERMO,HOMBRE,592
154,BRENDA,MUJER,382,,,154,JUAN ANTONIO,HOMBRE,592
155,ROSA,MUJER,380,,,155,IAN SANTIAGO,HOMBRE,588
156,DANNA,MUJER,377,,,156,LUIS ENRIQUE,HOMBRE,584
157,GISELLE,MUJER,377,,,157,JOEL,HOMBRE,581
158,EVELIN,MUJER,370,,,158,JORGE LUIS,HOMBRE,581
159,NATALY,MUJER,370,,,159,JOSE DE JESUS,HOMBRE,581
160,CECILIA,MUJER,362,,,160,YAHIR,HOMBRE,580
161,MIA VICTORIA,MUJER,362,,,161,ABDIEL,HOMBRE,569
162,HELENA,MUJER,360,,,162,JESUS ALEXANDER,HOMBRE,569
163,LUISA FERNANDA,MUJER,360,,,163,DYLAN MATEO,HOMBRE,567
164,KARLA SOFIA,MUJER,359,,,164,IKER GAEL,HOMBRE,566
165,MARIA DE JESUS,MUJER,355,,,165,VALENTIN,HOMBRE,566
166,ISABELA,MUJER,354,,,166,JESUS MANUEL,HOMBRE,565
167,MARIA ELENA,MUJER,352,,,167,JESUS EMMANUEL,HOMBRE,560
168,LIA VALENTINA,MUJER,351,,,168,PATRICIO,HOMBRE,545
169,MIRIAM,MUJER,349,,,169,ROGELIO,HOMBRE,541
170,ROSA MARIA,MUJER,348,,,170,ANDRE,HOMBRE,540
171,ASHLEY,MUJER,347,,,171,JESUS SANTIAGO,HOMBRE,537
172,ALEXIA,MUJER,346,,,172,ZAID,HOMBRE,532
173,ESTEFANY,MUJER,345,,,173,JESUS MATEO,HOMBRE,530
174,MONICA,MUJER,345,,,174,JOSE ALFREDO,HOMBRE,530
175,GERALDINE,MUJER,341,,,175,DANIEL ALEJANDRO,HOMBRE,528
176,ANAHI,MUJER,340,,,176,ANGEL EDUARDO,HOMBRE,523
177,GRETTEL,MUJER,339,,,177,JESUS ALBERTO,HOMBRE,522
178,MARIEL,MUJER,339,,,178,JOSE ALBERTO,HOMBRE,520
179,AMAYA,MUJER,338,,,179,JOSE EMILIANO,HOMBRE,516
180,NOEMI,MUJER,338,,,180,ANGEL JESUS,HOMBRE,515
181,SARAI,MUJER,338,,,181,VICTOR,HOMBRE,513
182,AITANA SOFIA,MUJER,337,,,182,MARCOS,HOMBRE,509
183,MARIA REGINA,MUJER,337,,,183,ERNESTO,HOMBRE,507
184,YAZMIN,MUJER,337,,,184,MARCELO,HOMBRE,506
185,LIZETH,MUJER,336,,,185,JESUS GAEL,HOMBRE,504
186,OLIVIA,MUJER,330,,,186,JOAQUIN,HOMBRE,494
187,TERESA,MUJER,329,,,187,MARIANO,HOMBRE,494
188,VALERIA GUADALUPE,MUJER,327,,,188,ALEX,HOMBRE,493
189,ROMINA GUADALUPE,MUJER,325,,,189,RUBEN,HOMBRE,492
190,YULIANA,MUJER,325,,,190,SAID,HOMBRE,482
191,KARINA,MUJER,324,,,191,LIAM ALEXANDER,HOMBRE,479
192,MELISA,MUJER,324,,,192,IAN TADEO,HOMBRE,478
193,JESSICA,MUJER,322,,,193,JOSE ALEJANDRO,HOMBRE,478
194,DANAE,MUJER,319,,,194,MISAEL,HOMBRE,478
195,SOFIA VICTORIA,MUJER,319,,,195,DARIO,HOMBRE,475
196,YATZIRI,MUJER,315,,,196,DYLAN ALEXANDER,HOMBRE,475
197,ARACELI,MUJER,312,,,197,LIAM SANTIAGO,HOMBRE,474
198,DANIA,MUJER,307,,,198,LIAM MATEO,HOMBRE,472
199,ANA KAREN,MUJER,305,,,199,JOSE DAVID,HOMBRE,471
200,MARIA SOFIA,MUJER,305,,,200,LIAM GAEL,HOMBRE,469
201,AMELIA,MUJER,304,,,201,LUIS EDUARDO,HOMBRE,468
202,ARELY,MUJER,303,,,202,HUGO,HOMBRE,465
203,GIANNA,MUJER,303,,,203,IAN DANIEL,HOMBRE,463
204,SANDRA,MUJER,303,,,204,CRISTOFER,HOMBRE,457
205,DARIANA,MUJER,302,,,205,JESUS EMILIANO,HOMBRE,457
206,MIA NICOLE,MUJER,297,,,206,LUIS DAVID,HOMBRE,448
207,ALESSANDRA,MUJER,296,,,207,YAEL,HOMBRE,445
208,MILAGROS GUADALUPE,MUJER,295,,,208,IKER ALEXANDER,HOMBRE,444
209,CRISTINA,MUJER,294,,,209,JOSE MATEO,HOMBRE,442
210,KEYLA,MUJER,294,,,210,JOSE ARMANDO,HOMBRE,437
211,SOPHIA,MUJER,293,,,211,AGUSTIN,HOMBRE,434
212,KAREN,MUJER,291,,,212,AXEL GAEL,HOMBRE,434
213,RENATA GUADALUPE,MUJER,290,,,213,EITHAN,HOMBRE,434
214,AITANA VALENTINA,MUJER,288,,,214,ALVARO,HOMBRE,430
215,AMANDA,MUJER,288,,,215,FRANCO,HOMBRE,427
216,ANDREA GUADALUPE,MUJER,288,,,216,JOSE FRANCISCO,HOMBRE,423
217,EMMA VICTORIA,MUJER,288,,,217,JOSE SANTIAGO,HOMBRE,423
218,MARIBEL,MUJER,287,,,218,DYLAN JESUS,HOMBRE,421
219,DANIELA GUADALUPE,MUJER,285,,,219,JOSE TADEO,HOMBRE,421
220,SOFIA ISABELLA,MUJER,285,,,220,IAN JESUS,HOMBRE,418
221,HANNA SOFIA,MUJER,281,,,221,JACOB,HOMBRE,415
222,LIA FERNANDA,MUJER,280,,,222,MAXIMO,HOMBRE,415
223,MELANI,MUJER,280,,,223,ALFONSO,HOMBRE,413
224,RAQUEL,MUJER,280,,,224,JARED,HOMBRE,413
225,MARIA VALENTINA,MUJER,277,,,225,LUIS MATEO,HOMBRE,412
226,VERONICA,MUJER,277,,,226,IAN ALEJANDRO,HOMBRE,404
227,EMILY GUADALUPE,MUJER,276,,,227,MATIAS ALEJANDRO,HOMBRE,399
228,CAMILA SOFIA,MUJER,273,,,228,CARLOS ALBERTO,HOMBRE,397
229,FABIOLA,MUJER,273,,,229,ADAN,HOMBRE,396
230,SOFIA ELIZABETH,MUJER,271,,,230,GONZALO,HOMBRE,396
231,KIMBERLY GUADALUPE,MUJER,269,,,231,JUAN DANIEL,HOMBRE,395
232,MIA FERNANDA,MUJER,269,,,232,ANGEL MATIAS,HOMBRE,391
233,ZOE VALENTINA,MUJER,269,,,233,ANTHONY,HOMBRE,390
234,ROXANA,MUJER,266,,,234,JOSE GAEL,HOMBRE,390
235,ESPERANZA,MUJER,265,,,235,ANGEL URIEL,HOMBRE,388
236,PAULA SOFIA,MUJER,265,,,236,NOE,HOMBRE,386
237,BELEN,MUJER,262,,,237,CARLOS EDUARDO,HOMBRE,383
238,SOFIA ALEJANDRA,MUJER,262,,,238,DIEGO ALEJANDRO,HOMBRE,380
239,ANA VALERIA,MUJER,261,,,239,JESUS DAVID,HOMBRE,378
240,ERIKA,MUJER,261,,,240,LUCAS,HOMBRE,377
241,ARANTZA,MUJER,260,,,241,GILBERTO,HOMBRE,376
242,DANNA VICTORIA,MUJER,260,,,242,LUIS ALEJANDRO,HOMBRE,375
243,ESTHER,MUJER,258,,,243,AXEL MATEO,HOMBRE,374
244,BERENICE,MUJER,256,,,244,EFRAIN,HOMBRE,370
245,MARIA BELEN,MUJER,256,,,245,ANGEL DAMIAN,HOMBRE,369
246,VANESA,MUJER,256,,,246,DIEGO ALEXANDER,HOMBRE,367
247,JAQUELINE,MUJER,255,,,247,IKER SANTIAGO,HOMBRE,366
248,LIA GUADALUPE,MUJER,255,,,248,LUIS MANUEL,HOMBRE,366
249,NAYELI,MUJER,255,,,249,NOAH,HOMBRE,366
250,DIANA SOFIA,MUJER,253,,,250,OSVALDO,HOMBRE,366
251,IVANA,MUJER,253,,,251,EMIR,HOMBRE,362
252,MARIA ISABELLA,MUJER,252,,,252,CRISTOBAL,HOMBRE,360
253,JOHANA,MUJER,251,,,253,LUIS SANTIAGO,HOMBRE,356
254,KEILY,MUJER,251,,,254,MATEO ALEXANDER,HOMBRE,356
255,ANGELA SOFIA,MUJER,250,,,255,IKER DANIEL,HOMBRE,354
256,NATHALIA,MUJER,250,,,256,JUAN JESUS,HOMBRE,354
257,ANA LAURA,MUJER,249,,,257,AXEL DANIEL,HOMBRE,351
258,CITLALI,MUJER,249,,,258,FELIPE,HOMBRE,351
259,LEILANI,MUJER,249,,,259,GIOVANNI,HOMBRE,348
260,CRISTAL,MUJER,248,,,260,IKER MATEO,HOMBRE,348
261,VANIA,MUJER,247,,,261,JAIME,HOMBRE,345
262,FATIMA GUADALUPE,MUJER,246,,,262,ABEL,HOMBRE,344
263,LUZ ELENA,MUJER,246,,,263,DYLAN TADEO,HOMBRE,343
264,MARIA LUISA,MUJER,246,,,264,JOSE FERNANDO,HOMBRE,343
265,WENDY,MUJER,246,,,265,ISAI,HOMBRE,342
266,RUBI,MUJER,245,,,266,GAEL ALEXANDER,HOMBRE,340
267,LESLY,MUJER,243,,,267,ANGEL MANUEL,HOMBRE,339
268,MARIAN,MUJER,243,,,268,ALDO,HOMBRE,335
269,VALENTINA GUADALUPE,MUJER,241,,,269,JUAN ANGEL,HOMBRE,335
270,LIA ISABELLA,MUJER,240,,,270,JAZIEL,HOMBRE,334
271,LESLIE,MUJER,238,,,271,JOSE JUAN,HOMBRE,333
272,MARIA INES,MUJER,238,,,272,MATEO ALEJANDRO,HOMBRE,333
273,SOFIA YAMILETH,MUJER,238,,,273,LEONARDO DANIEL,HOMBRE,331
274,KARIME,MUJER,237,,,274,GAEL ALEJANDRO,HOMBRE,329
275,ALEXA VALENTINA,MUJER,235,,,275,JUAN DAVID,HOMBRE,326
276,MARIELA,MUJER,235,,,276,CARLOS MATEO,HOMBRE,325
277,LUNA,MUJER,234,,,277,CARLOS SANTIAGO,HOMBRE,325
278,MARTHA,MUJER,231,,,278,ANGEL ANTONIO,HOMBRE,324
279,SUSANA,MUJER,231,,,279,ELISEO,HOMBRE,324
280,MARLEN,MUJER,230,,,280,JESUS GABRIEL,HOMBRE,320
281,YAMILETH GUADALUPE,MUJER,230,,,281,DYLAN SANTIAGO,HOMBRE,319
282,ANA,MUJER,228,,,282,DAVID ALEJANDRO,HOMBRE,317
283,PAULETTE,MUJER,228,,,283,CARLOS MANUEL,HOMBRE,315
284,KENDRA,MUJER,227,,,284,ERIK,HOMBRE,314
285,AMAIRANY,MUJER,226,,,285,OCTAVIO,HOMBRE,314
286,MARINA,MUJER,225,,,286,ROMAN,HOMBRE,311
287,EMMA VALENTINA,MUJER,224,,,287,JOSE PABLO,HOMBRE,308
288,ITZEL GUADALUPE,MUJER,222,,,288,ETHAN,HOMBRE,304
289,LEAH,MUJER,221,,,289,JOSE EMILIO,HOMBRE,303
290,XIOMARA,MUJER,221,,,290,JOSE EMMANUEL,HOMBRE,302
291,INES,MUJER,218,,,291,DANIEL ALEXANDER,HOMBRE,300
292,AMAIRANI,MUJER,216,,,292,CARLOS ANTONIO,HOMBRE,299
293,PATRICIA,MUJER,216,,,293,ELIEL,HOMBRE,299
294,MARITZA,MUJER,215,,,294,VICENTE,HOMBRE,299
295,SARAH,MUJER,215,,,295,LUIS GERARDO,HOMBRE,295
296,EVA,MUJER,214,,,296,ORLANDO,HOMBRE,294
297,LIA AITANA,MUJER,213,,,297,DIEGO ARMANDO,HOMBRE,292
298,HANNAH,MUJER,212,,,298,MATEO DE JESUS,HOMBRE,287
299,JACQUELINE,MUJER,212,,,299,MATHIAS,HOMBRE,287
300,YARITZA,MUJER,210,,,300,JOHAN,HOMBRE,286
301,ALINA,MUJER,209,,,301,JOSE ADRIAN,HOMBRE,285
302,MARCELA,MUJER,209,,,302,JOSE LEONARDO,HOMBRE,285
303,FERNANDA GUADALUPE,MUJER,208,,,303,MAURO,HOMBRE,284
304,FERNANDA SOFIA,MUJER,208,,,304,SANTIAGO GAEL,HOMBRE,284
305,MAGALI,MUJER,208,,,305,ANGEL ALEXANDER,HOMBRE,283
306,LAURA,MUJER,207,,,306,ARIEL,HOMBRE,282
307,ANDREA SOFIA,MUJER,206,,,307,IGNACIO,HOMBRE,282
308,ANTONIA,MUJER,206,,,308,MARIO ALBERTO,HOMBRE,282
309,LETICIA,MUJER,206,,,309,EVAN,HOMBRE,281
310,PAMELA,MUJER,206,,,310,LIAM ALEJANDRO,HOMBRE,280
311,AYLIN GUADALUPE,MUJER,205,,,311,ALAN MATEO,HOMBRE,276
312,LUNA SOFIA,MUJER,205,,,312,DARIEL,HOMBRE,276
313,MELINA,MUJER,205,,,313,JOSE ALEXANDER,HOMBRE,275
314,YOLANDA,MUJER,205,,,314,JUAN LUIS,HOMBRE,275
315,DAFNE,MUJER,204,,,315,DYLAN ALEJANDRO,HOMBRE,274
316,CELESTE,MUJER,203,,,316,ANGEL SEBASTIAN,HOMBRE,273
317,DAYLIN,MUJER,203,,,317,YAIR,HOMBRE,273
318,LORENA,MUJER,203,,,318,ANDER,HOMBRE,270
319,MARIA TERESA,MUJER,203,,,319,JOSE GABRIEL,HOMBRE,270
320,CARMEN,MUJER,201,,,320,WILLIAM,HOMBRE,270
321,JUDITH,MUJER,201,,,321,CARLOS DAVID,HOMBRE,268
322,NATALIA GUADALUPE,MUJER,201,,,322,RIGOBERTO,HOMBRE,267
323,CAMILA YAMILETH,MUJER,200,,,323,ANGEL LEONARDO,HOMBRE,265
324,CATALEYA,MUJER,198,,,324,ERICK DANIEL,HOMBRE,265
325,GALILEA,MUJER,198,,,325,RODOLFO,HOMBRE,264
326,MARIA DEL ROSARIO,MUJER,198,,,326,AXEL URIEL,HOMBRE,263
327,MAITE,MUJER,197,,,327,LIAM DANIEL,HOMBRE,263
328,MARIA RENATA,MUJER,197,,,328,LUIS GAEL,HOMBRE,263
329,NICOL,MUJER,197,,,329,LUIS TADEO,HOMBRE,263
330,RENATA VALENTINA,MUJER,197,,,330,ANGEL EMMANUEL,HOMBRE,260
331,ROSALINDA,MUJER,197,,,331,IKER TADEO,HOMBRE,260
332,DAMARIS,MUJER,196,,,332,JULIO,HOMBRE,256
333,LUISA,MUJER,196,,,333,IAN EDUARDO,HOMBRE,255
334,AMAIA,MUJER,195,,,334,LIAM TADEO,HOMBRE,255
335,KARLA GUADALUPE,MUJER,195,,,335,TOMAS,HOMBRE,255
336,NANCY,MUJER,195,,,336,JORGE ALBERTO,HOMBRE,252
337,ARELI,MUJER,194,,,337,JUAN FRANCISCO,HOMBRE,252
338,EVELYN GUADALUPE,MUJER,194,,,338,ANGEL IVAN,HOMBRE,250
339,ALEXA YAMILETH,MUJER,193,,,339,MATTEO,HOMBRE,250
340,ANA LUISA,MUJER,193,,,340,ANGEL EMILIANO,HOMBRE,249
341,AINHOA,MUJER,192,,,341,AXEL SANTIAGO,HOMBRE,249
342,HANNIA,MUJER,192,,,342,HUMBERTO,HOMBRE,249
343,KATIA,MUJER,192,,,343,JOSE MATIAS,HOMBRE,249
344,ESTRELLA GUADALUPE,MUJER,191,,,344,ANGEL ADRIAN,HOMBRE,248
345,MARIA EMILIA,MUJER,190,,,345,ALAN GAEL,HOMBRE,247
346,ANA REGINA,MUJER,189,,,346,LORENZO,HOMBRE,247
347,NATHALY,MUJER,189,,,347,ADOLFO,HOMBRE,246
348,ANGELA GUADALUPE,MUJER,188,,,348,DYLAN ALEXIS,HOMBRE,246
349,ROSARIO,MUJER,188,,,349,MANUEL ALEJANDRO,HOMBRE,246
350,ALEXA NICOLE,MUJER,187,,,350,RAMIRO,HOMBRE,245
351,GLORIA,MUJER,186,,,351,EDER,HOMBRE,243
352,MEREDITH,MUJER,186,,,352,JESUS ALEXIS,HOMBRE,243
353,SHERLYN,MUJER,185,,,353,JESUS IVAN,HOMBRE,243
354,CLAUDIA,MUJER,184,,,354,JESUS ENRIQUE,HOMBRE,242
355,LEILANY,MUJER,184,,,355,SANTIAGO DE JESUS,HOMBRE,242
356,YESENIA,MUJER,184,,,356,BRAULIO,HOMBRE,240
357,ZOE GUADALUPE,MUJER,183,,,357,CARLOS GAEL,HOMBRE,240
358,ADILENE,MUJER,182,,,358,LUIS MIGUEL,HOMBRE,240
359,FRANCISCA,MUJER,182,,,359,JUAN DE DIOS,HOMBRE,239
360,PERLA,MUJER,180,,,360,ANGEL YAEL,HOMBRE,238
361,BRIANA,MUJER,179,,,361,BERNARDO,HOMBRE,237
362,JULIANA,MUJER,178,,,362,IAN EMMANUEL,HOMBRE,236
363,MELANY GUADALUPE,MUJER,177,,,363,CARLOS ADRIAN,HOMBRE,235
364,VICTORIA SOFIA,MUJER,177,,,364,ERICK SANTIAGO,HOMBRE,235
365,AITANA NICOLE,MUJER,176,,,365,MATIAS ALEXANDER,HOMBRE,235
366,LUCIA FERNANDA,MUJER,175,,,366,JESUS ANGEL,HOMBRE,234
367,RUTH,MUJER,175,,,367,JESUS GUADALUPE,HOMBRE,234
368,SOFIA NICOLE,MUJER,175,,,368,DEREK,HOMBRE,233
369,TAMARA,MUJER,175,,,369,LEO,HOMBRE,233
370,RENATA SOFIA,MUJER,174,,,370,CAMILO,HOMBRE,231
371,EMMA LUCIA,MUJER,172,,,371,IAN ALEXIS,HOMBRE,231
372,JANETH,MUJER,172,,,372,IAN DAVID,HOMBRE,231
373,MANUELA,MUJER,172,,,373,JOSE DAMIAN,HOMBRE,231
374,MIA ALEJANDRA,MUJER,172,,,374,LIAM JESUS,HOMBRE,231
375,ALEXA FERNANDA,MUJER,171,,,375,RAMON,HOMBRE,231
376,ARIADNE,MUJER,171,,,376,AXEL GABRIEL,HOMBRE,230
377,CARLA,MUJER,171,,,377,CARLOS DAMIAN,HOMBRE,229
378,ARLETTE,MUJER,170,,,378,IKER ALEJANDRO,HOMBRE,229
379,JOSEFINA,MUJER,170,,,379,ANGEL ALEJANDRO,HOMBRE,228
380,MAGALY,MUJER,170,,,380,MATEO EMILIANO,HOMBRE,228
381,NAOMI GUADALUPE,MUJER,169,,,381,GERMAN,HOMBRE,226
382,NICOLE GUADALUPE,MUJER,169,,,382,LUIS CARLOS,HOMBRE,225
383,DALIA,MUJER,168,,,383,AXEL TADEO,HOMBRE,224
384,MIA ELIZABETH,MUJER,168,,,384,LUIS ALEXANDER,HOMBRE,224
385,MIA YAMILETH,MUJER,168,,,385,MATEO NICOLAS,HOMBRE,224
386,SOFIA ABIGAIL,MUJER,168,,,386,IAN YAEL,HOMBRE,223
387,SOFIA FERNANDA,MUJER,168,,,387,IKER JESUS,HOMBRE,223
388,ARISBETH,MUJER,167,,,388,ERICK ALEXANDER,HOMBRE,221
389,IVANNA SOFIA,MUJER,167,,,389,JOAN,HOMBRE,221
390,SOFIA LEILANY,MUJER,167,,,390,ALAN DANIEL,HOMBRE,220
391,AMAYRANI,MUJER,166,,,391,JOSE ENRIQUE,HOMBRE,220
392,DANIELA SOFIA,MUJER,166,,,392,LUCIANO,HOMBRE,220
393,DALEYZA,MUJER,165,,,393,DIEGO GAEL,HOMBRE,219
394,MARIA ELIZABETH,MUJER,165,,,394,DYLAN EDUARDO,HOMBRE,219
395,XIMENA SOFIA,MUJER,165,,,395,ELEAZAR,HOMBRE,219
396,BEATRIZ,MUJER,164,,,396,TADEO DE JESUS,HOMBRE,219
397,LIA RENATA,MUJER,164,,,397,LEON,HOMBRE,218
398,PALOMA,MUJER,164,,,398,MATIAS EMILIANO,HOMBRE,218
399,ANA CAMILA,MUJER,162,,,399,LUCA,HOMBRE,217
400,ELIZA,MUJER,162,,,400,NATANAEL,HOMBRE,217
401,AILYN,MUJER,161,,,401,SANTIAGO DANIEL,HOMBRE,216
402,ANA CRISTINA,MUJER,161,,,402,ANGEL ALEXIS,HOMBRE,215
403,DAYANA GUADALUPE,MUJER,161,,,403,LUIS MARIO,HOMBRE,215
404,MADISON,MUJER,161,,,404,DAMIAN ALEJANDRO,HOMBRE,214
405,MICAELA,MUJER,161,,,405,IRVING,HOMBRE,214
406,VICTORIA VALENTINA,MUJER,161,,,406,JESUS SEBASTIAN,HOMBRE,214
407,ALISSON GUADALUPE,MUJER,160,,,407,JOSE ROBERTO,HOMBRE,214
408,ANA BRENDA,MUJER,160,,,408,JOSE MARTIN,HOMBRE,213
409,ANA GUADALUPE,MUJER,160,,,409,LEONARDO GAEL,HOMBRE,213
410,MARIA DE LOS ANGELES,MUJER,160,,,410,ANGEL ALBERTO,HOMBRE,212
411,ALICE,MUJER,159,,,411,JOSE ANDRES,HOMBRE,212
412,EDITH,MUJER,159,,,412,CARLOS TADEO,HOMBRE,211
413,EMILY VALENTINA,MUJER,159,,,413,DANILO,HOMBRE,211
414,LIA ROMINA,MUJER,159,,,414,JUAN MATEO,HOMBRE,211
415,ANAYELI,MUJER,158,,,415,LUIS ARMANDO,HOMBRE,211
416,MARICRUZ,MUJER,158,,,416,CARLOS IVAN,HOMBRE,210
417,MAGDALENA,MUJER,157,,,417,MATEO SEBASTIAN,HOMBRE,210
418,ROSA ISELA,MUJER,157,,,418,SANTIAGO ALEXANDER,HOMBRE,210
419,SAMANTHA GUADALUPE,MUJER,155,,,419,ALAN JESUS,HOMBRE,209
420,ALEJANDRA GUADALUPE,MUJER,154,,,420,PABLO EMILIO,HOMBRE,208
421,ALEXA MICHELLE,MUJER,153,,,421,RENE,HOMBRE,208
422,ROBERTA,MUJER,153,,,422,DIEGO ANTONIO,HOMBRE,207
423,SILVIA,MUJER,153,,,423,CARLOS ALEJANDRO,HOMBRE,205
424,MARLENE,MUJER,152,,,424,LUIS ADRIAN,HOMBRE,205
425,VIRIDIANA,MUJER,152,,,425,ANGEL FERNANDO,HOMBRE,204
426,CAMILA VICTORIA,MUJER,151,,,426,ANGEL ZAID,HOMBRE,204
427,DANNA GUADALUPE,MUJER,151,,,427,VICTOR HUGO,HOMBRE,204
428,GRISELDA,MUJER,151,,,428,DIEGO ALONSO,HOMBRE,202
429,MAYRA,MUJER,151,,,429,IAN SEBASTIAN,HOMBRE,202
430,ANGELA VICTORIA,MUJER,150,,,430,MIGUEL ALEJANDRO,HOMBRE,202
431,ARLET,MUJER,150,,,431,ROLANDO,HOMBRE,201
432,ROCIO,MUJER,150,,,432,JORGE ANTONIO,HOMBRE,200
433,VICTORIA ELIZABETH,MUJER,149,,,433,ALAN SANTIAGO,HOMBRE,199
434,LIA NICOLE,MUJER,148,,,434,AXEL JESUS,HOMBRE,199
435,SAMANTA,MUJER,148,,,435,SANTIAGO ALEJANDRO,HOMBRE,199
436,BELINDA,MUJER,145,,,436,SANTIAGO EMMANUEL,HOMBRE,199
437,ALISON GUADALUPE,MUJER,144,,,437,ANGEL RAFAEL,HOMBRE,198
438,AMBAR,MUJER,144,,,438,CRISTIAN GAEL,HOMBRE,198
439,GEORGINA,MUJER,144,,,439,ANGEL ISAAC,HOMBRE,197
440,MARIANA GUADALUPE,MUJER,144,,,440,DILAN GAEL,HOMBRE,196
441,SOFIA ESMERALDA,MUJER,144,,,441,JESUS FERNANDO,HOMBRE,196
442,SOFIA MICHELLE,MUJER,144,,,442,JESUS ALFREDO,HOMBRE,193
443,AITANA YAMILETH,MUJER,143,,,443,JORGE ALEJANDRO,HOMBRE,192
444,ARIANNA,MUJER,142,,,444,ANGEL SAID,HOMBRE,191
445,CAMILA NICOLE,MUJER,142,,,445,DIEGO ALBERTO,HOMBRE,191
446,GENESIS GUADALUPE,MUJER,142,,,446,JERONIMO,HOMBRE,191
447,SARA SOFIA,MUJER,142,,,447,LIAM SEBASTIAN,HOMBRE,191
448,IRENE,MUJER,141,,,448,NATHAN,HOMBRE,191
449,ANA FERNANDA,MUJER,140,,,449,JESUS ABRAHAM,HOMBRE,190
450,ASTRID,MUJER,140,,,450,DYLAN ANTONIO,HOMBRE,189
451,JOSELIN,MUJER,140,,,451,JORDAN,HOMBRE,189
452,QUETZALLI,MUJER,140,,,452,JAVIER ALEJANDRO,HOMBRE,188
453,ANA GABRIELA,MUJER,139,,,453,JESUS DAMIAN,HOMBRE,188
454,JOCELYN,MUJER,139,,,454,JOSE RICARDO,HOMBRE,188
455,KENIA GUADALUPE,MUJER,139,,,455,LIAM DAVID,HOMBRE,188
456,INGRID,MUJER,138,,,456,LIAM EDUARDO,HOMBRE,188
457,REGINA ISABELLA,MUJER,138,,,457,LUIS FELIPE,HOMBRE,188
458,REGINA SOFIA,MUJER,138,,,458,AXEL EDUARDO,HOMBRE,187
459,SOFIA ISABEL,MUJER,138,,,459,DAVID ALEXANDER,HOMBRE,187
460,YANELI,MUJER,138,,,460,GABRIEL ALEJANDRO,HOMBRE,187
461,BRIANNA,MUJER,137,,,461,IAN EMILIANO,HOMBRE,187
462,JOSELYN,MUJER,137,,,462,JESUS MIGUEL,HOMBRE,186
463,LIA REGINA,MUJER,137,,,463,GADIEL,HOMBRE,185
464,MIA RENATA,MUJER,137,,,464,HERNAN,HOMBRE,183
465,DANNA MICHELLE,MUJER,136,,,465,JESUS EMANUEL,HOMBRE,183
466,EVELYN SOFIA,MUJER,136,,,466,LIAM EMMANUEL,HOMBRE,182
467,VICTORIA ISABELLA,MUJER,135,,,467,LIAN,HOMBRE,182
468,VIRGINIA,MUJER,135,,,468,BRYAN,HOMBRE,181
469,ALLISON GUADALUPE,MUJER,134,,,469,IKER ANTONIO,HOMBRE,181
470,MARIA MAGDALENA,MUJER,134,,,470,IVAN ALEJANDRO,HOMBRE,181
471,MARICELA,MUJER,134,,,471,JUAN ALBERTO,HOMBRE,181
472,REYNA,MUJER,134,,,472,LOGAN,HOMBRE,181
473,ESTEFANI,MUJER,133,,,473,ALAN TADEO,HOMBRE,180
474,LIDIA,MUJER,133,,,474,CRISTIAN DANIEL,HOMBRE,180
475,MILA,MUJER,133,,,475,ELIAN GAEL,HOMBRE,180
476,SOFIA VALERIA,MUJER,133,,,476,JESUS ARMANDO,HOMBRE,180
477,VICTORIA ALEJANDRA,MUJER,133,,,477,DYLAN DANIEL,HOMBRE,179
478,AMALIA,MUJER,132,,,478,HENRY,HOMBRE,179
479,AZUL,MUJER,132,,,479,TADEO ALEXANDER,HOMBRE,179
480,CYNTHIA,MUJER,132,,,480,CARLOS ENRIQUE,HOMBRE,178
481,EMMA ISABELLA,MUJER,132,,,481,ERICK MATEO,HOMBRE,178
482,LUCIA GUADALUPE,MUJER,131,,,482,VICTOR DANIEL,HOMBRE,177
483,ANA ISABEL,MUJER,130,,,483,DIEGO EMILIANO,HOMBRE,176
484,ROMINA ISABELLA,MUJER,130,,,484,FRANCISCO GAEL,HOMBRE,176
485,ALESSA,MUJER,129,,,485,JOSE ELIAS,HOMBRE,176
486,ANDREA VALENTINA,MUJER,129,,,486,JOSE JAVIER,HOMBRE,176
487,ANNA VICTORIA,MUJER,129,,,487,LUIS GABRIEL,HOMBRE,176
488,GENESIS SOFIA,MUJER,129,,,488,ANGEL YAHIR,HOMBRE,175
489,JOHANNA,MUJER,129,,,489,CARLOS GABRIEL,HOMBRE,174
490,MAILEN,MUJER,129,,,490,FELIX,HOMBRE,174
491,MICHELLE GUADALUPE,MUJER,129,,,491,ISIDRO,HOMBRE,174
492,STEPHANIE,MUJER,128,,,492,LEANDRO,HOMBRE,174
493,AITANA ISABELLA,MUJER,127,,,493,OSCAR DANIEL,HOMBRE,174
494,DIANA LAURA,MUJER,127,,,494,ALDAIR,HOMBRE,173
495,ALEXA VICTORIA,MUJER,126,,,495,IAN FERNANDO,HOMBRE,173
496,CAMILA ALEJANDRA,MUJER,126,,,496,JESUS MATIAS,HOMBRE,173
497,ISABELLA GUADALUPE,MUJER,126,,,497,LUCIO,HOMBRE,173
498,SAORI,MUJER,126,,,498,JOSE ARTURO,HOMBRE,172
499,ANGELES,MUJER,125,,,499,IAN GABRIEL,HOMBRE,171
500,ARANZA GUADALUPE,MUJER,125,,,500,JOSE RODRIGO,HOMBRE,171
501,IRINA,MUJER,125,,,501,LUIS EMILIANO,HOMBRE,171
,,,,,,,,,
,,,,,,,,,
Fuente: INEGI 2020.,,,,,,,,,
https://cuentame.inegi.org.mx/poblacion/natalidad/Nombres_mas_populares_2020.csv,,,,,,,,,
